{"test1": {"$": 177.1543696000008, "stonk": {"sorry_thebighead": 3800}}, "abc": {"$": 3948.0619706768443, "stonk": {"eyangch": 1}}, "abacaba": {"$": 4000.0, "stonk": {}}, "f": {"$": -357956.126953125, "stonk": {"eyangch": 6969}}, "ff": {"$": 4000.0, "stonk": {"superj6": 0}}}